npy_path,pred_prob,pred_label,true_label,correct
PIA-Eval_npy/Normal_f007961e-074b-4423-b5ad-adcd4d96414f.npy,0.9399040341377258,1,0,0
PIA-Eval_npy/Normal_f0365697-456b-471e-9947-c53b03d6e285.npy,0.19907589256763458,0,0,1
PIA-Eval_npy/Normal_f0844cab-cbb6-427f-b3e2-977ab6625276.npy,0.09746136516332626,0,0,1
PIA-Eval_npy/Normal_f08963b6-55d9-48d2-9a8a-37fd4eba11ca.npy,0.9777726531028748,1,0,0
PIA-Eval_npy/Normal_f094672d-a747-4abc-9411-f34c85332327.npy,0.08811958879232407,0,0,1
PIA-Eval_npy/Normal_f101b75a-cedb-43f0-8203-065c6c60db11.npy,0.08144441246986389,0,0,1
PIA-Eval_npy/Normal_f108364f-417e-446c-81a1-6a2c9e36644d.npy,0.9661018252372742,1,0,0
PIA-Eval_npy/Normal_f1211ff0-6c04-488f-95e1-213a29eda3c3.npy,0.09787382185459137,0,0,1
PIA-Eval_npy/Normal_f1265fcc-fd08-4c0b-8c5c-e8d9c7de1552.npy,0.02689892053604126,0,0,1
PIA-Eval_npy/Normal_f1699f60-c0de-4b54-902e-712189952fe9.npy,0.30683737993240356,0,0,1
PIA-Eval_npy/Normal_f1709831-3531-42a7-8fa0-0873fbdda9be.npy,0.49461716413497925,0,0,1
PIA-Eval_npy/Normal_f1963f69-bd35-438e-aee8-b4f02cc8948e.npy,0.993096649646759,1,0,0
PIA-Eval_npy/Normal_f2873f78-7204-4704-baec-7d84cd39cd6a.npy,0.424146831035614,0,0,1
PIA-Eval_npy/Normal_f2912db9-ea8d-4609-9782-92d25bdf597f.npy,0.2546016275882721,0,0,1
PIA-Eval_npy/Normal_f3804f30-4b2c-45b9-a9f6-154448ca4c5d.npy,0.916976273059845,1,0,0
PIA-Eval_npy/Normal_f3845c76-6f96-4d85-adae-6baa4c68757c.npy,0.8857308626174927,1,0,0
PIA-Eval_npy/Normal_f385907e-c8cf-447b-b90c-d4b5d5caf6a0.npy,0.1286453753709793,0,0,1
PIA-Eval_npy/Normal_f3986d59-42e3-4436-bbc1-ff77eca0d2d9.npy,0.672197163105011,1,0,0
PIA-Eval_npy/Normal_f4085487-0108-48ff-ad43-34698fafc648.npy,0.5039050579071045,1,0,0
PIA-Eval_npy/Normal_f419cbe5-31ea-4ca4-9cc6-d4b210826d41.npy,0.13246595859527588,0,0,1
PIA-Eval_npy/Normal_f419dcd6-7d28-4677-9542-a6f491addb4b.npy,0.9924898743629456,1,0,0
PIA-Eval_npy/Normal_f4245c0f-ecdb-4f48-aba0-b4ab68c0ccfc.npy,0.637323260307312,1,0,0
PIA-Eval_npy/Normal_f426629b-ca99-459f-a61f-185caaaa4862.npy,0.08619293570518494,0,0,1
PIA-Eval_npy/Normal_f4302ce1-f56b-4f96-a14d-a129ae737282.npy,0.6143356561660767,1,0,0
PIA-Eval_npy/Normal_f433c7f1-0e88-45c5-8f46-57639808a8dd.npy,0.03566911816596985,0,0,1
PIA-Eval_npy/Normal_f437183d-fe97-4830-b4d8-0404b47492ab.npy,0.9576256275177002,1,0,0
PIA-Eval_npy/Normal_f4401d21-55e1-4731-9c59-2e7f9b837f1a.npy,0.05080175772309303,0,0,1
PIA-Eval_npy/Normal_f441f4f9-26a2-4dec-9dbb-a926fc965d1a.npy,0.9932588338851929,1,0,0
PIA-Eval_npy/Normal_f449b5eb-d9de-4d5b-9992-535c6da81cfa.npy,0.3973880708217621,0,0,1
PIA-Eval_npy/Normal_f4616292-178e-4a91-baa8-e99299491de5.npy,0.31383851170539856,0,0,1
PIA-Eval_npy/Normal_f504d06b-a371-4a7d-9f62-b4fd5f53b129.npy,0.9166039228439331,1,0,0
PIA-Eval_npy/Normal_f5147085-63df-45bc-b58b-ba776bcdbf1a.npy,0.18172991275787354,0,0,1
PIA-Eval_npy/Normal_f515bdfb-8eea-4359-a426-1cf33215c810.npy,0.10806785523891449,0,0,1
PIA-Eval_npy/Normal_f5884bfe-7556-4b1f-a73f-4d27b8b6fb49.npy,0.9922906756401062,1,0,0
PIA-Eval_npy/Normal_f5926bc2-b4ac-4b8c-878b-63b3e276d523.npy,0.36165279150009155,0,0,1
PIA-Eval_npy/Normal_f5999c84-f63c-4a1d-b836-7c32f2fbe5e7.npy,0.161452978849411,0,0,1
PIA-Eval_npy/Normal_f6081364-6e05-432f-a554-e870397997b7.npy,0.19659574329853058,0,0,1
PIA-Eval_npy/Normal_f6085661-912e-45d9-9045-da039f1e8949.npy,0.27007555961608887,0,0,1
PIA-Eval_npy/Normal_f614b71b-efda-4164-92f9-e7b2e045d770.npy,0.9222522377967834,1,0,0
PIA-Eval_npy/Normal_f6319707-3940-4cae-8f65-2e760b66e794.npy,0.33762097358703613,0,0,1
PIA-Eval_npy/Normal_f6353822-dde8-4291-a967-620fe8cdd997.npy,0.2642538249492645,0,0,1
PIA-Eval_npy/Normal_f6456189-435b-4bc4-96cb-0336454ff533.npy,0.02074367180466652,0,0,1
PIA-Eval_npy/Normal_f6631ad9-a662-4b6f-bcc9-e659b2aecea3.npy,0.7888690829277039,1,0,0
PIA-Eval_npy/Normal_f6714ebb-6196-4a4e-a11c-f230ace60850.npy,0.7156432271003723,1,0,0
PIA-Eval_npy/Normal_f6802e88-010c-4a5a-95c5-ad8afcfca36b.npy,0.7655278444290161,1,0,0
PIA-Eval_npy/Normal_f680e4e8-374c-42db-a6ce-d637f2ffdd5a.npy,0.05979008227586746,0,0,1
PIA-Eval_npy/Normal_f694cac4-697b-43f2-9c0c-6bf7a813691a.npy,0.12591572105884552,0,0,1
PIA-Eval_npy/Normal_f71158d4-b70d-4116-aabf-d59b66ee37be.npy,0.09693782031536102,0,0,1
PIA-Eval_npy/Normal_f711e84c-57aa-4a8c-9ab1-180105a20c26.npy,0.05030643194913864,0,0,1
PIA-Eval_npy/Normal_f719fbd0-c47f-4739-b5bb-531786241918.npy,0.05606657266616821,0,0,1
PIA-Eval_npy/Normal_f74eaed5-edee-4e66-b725-b21107daa5d1.npy,0.1512046903371811,0,0,1
PIA-Eval_npy/Normal_f75408ff-d31d-4bdb-870e-652cb1e7fe72.npy,0.9920116066932678,1,0,0
PIA-Eval_npy/Normal_f7544727-6886-4663-812c-d2fec1993f61.npy,0.02082742750644684,0,0,1
PIA-Eval_npy/Normal_f7625d97-141f-49d7-91ef-06efb063ffd8.npy,0.43400946259498596,0,0,1
PIA-Eval_npy/Normal_f76cef5d-92c2-4614-855a-49689bee80e3.npy,0.16576699912548065,0,0,1
PIA-Eval_npy/Normal_f76ef7c7-634c-4134-b879-848cf051ea41.npy,0.8204067349433899,1,0,0
PIA-Eval_npy/Normal_f7712de9-bf6f-49c2-a515-b5852a371877.npy,0.9562135338783264,1,0,0
PIA-Eval_npy/Normal_f77fa924-b89c-48f5-b269-4ec396c1d457.npy,0.3884560465812683,0,0,1
PIA-Eval_npy/Normal_f7846c9f-2a18-4467-8a7a-cda35469d0dc.npy,0.1720115691423416,0,0,1
PIA-Eval_npy/Normal_f788dbb7-88b9-42da-a09f-048d129a62a5.npy,0.9392409324645996,1,0,0
PIA-Eval_npy/Normal_f789b119-02ae-4caa-8435-f59102ee74d5.npy,0.9861282110214233,1,0,0
PIA-Eval_npy/Normal_f78cb421-4bb1-45c3-9458-85913978aceb.npy,0.08088628202676773,0,0,1
PIA-Eval_npy/Normal_f78db87c-a23f-40f5-a46f-ffe07f0f2ea9.npy,0.08589135110378265,0,0,1
PIA-Eval_npy/Normal_f7972144-5c83-4509-954b-47c334093762.npy,0.01933487504720688,0,0,1
PIA-Eval_npy/Normal_f79bdaef-e90f-4df8-a07b-36ec706b5623.npy,0.41700881719589233,0,0,1
PIA-Eval_npy/Normal_f79e8295-a508-4c40-942f-22a9bc2ee489.npy,0.9055065512657166,1,0,0
PIA-Eval_npy/Normal_f80f5460-d10f-4800-9216-a13444363435.npy,0.09116434305906296,0,0,1
PIA-Eval_npy/Normal_f81da6b1-ce8f-4b52-8506-81c221889d35.npy,0.4948466122150421,0,0,1
PIA-Eval_npy/Normal_f81e0a9b-8210-4535-8342-0a7ee8610ef1.npy,0.9057504534721375,1,0,0
PIA-Eval_npy/Normal_f82fdadb-7c77-4df3-93bb-505378eaac19.npy,0.8007144927978516,1,0,0
PIA-Eval_npy/Normal_f83ad795-c018-48ee-bcdb-f903b248ae10.npy,0.7706736922264099,1,0,0
PIA-Eval_npy/Normal_f83e11be-b79a-4abf-b8f7-6e4393126c97.npy,0.028170330449938774,0,0,1
PIA-Eval_npy/Normal_f850baee-dba3-4fc5-b8a2-a0ed4df33edb.npy,0.904800295829773,1,0,0
PIA-Eval_npy/Normal_f8531596-cc7d-4d8f-88b9-a0968a00e6bc.npy,0.10612710565328598,0,0,1
PIA-Eval_npy/Normal_f856a5c3-e892-4f9a-a981-7ac8f0218a17.npy,0.062287408858537674,0,0,1
PIA-Eval_npy/Normal_f8595a5a-1732-4bae-a250-55f368ba27ab.npy,0.09423285722732544,0,0,1
PIA-Eval_npy/Normal_f8762dfe-c842-4b01-83bf-e277115f14fa.npy,0.04944806918501854,0,0,1
PIA-Eval_npy/Normal_f905f33b-6b56-4e41-936e-41685a90d26d.npy,0.04220489412546158,0,0,1
PIA-Eval_npy/Normal_f927f19f-0c5c-49e0-97fb-7cb3062c891c.npy,0.45492514967918396,0,0,1
PIA-Eval_npy/Normal_f938f7a8-5b23-4998-912e-f731518b859e.npy,0.571188747882843,1,0,0
PIA-Eval_npy/Normal_f969e5ea-33b1-4c97-8e32-59657868a9cf.npy,0.3583102524280548,0,0,1
PIA-Eval_npy/Normal_f992b75c-06f9-4e99-a55b-bb8a6ad10f21.npy,0.03430911898612976,0,0,1
PIA-Eval_npy/Normal_f992f119-9d0d-4d98-813f-c47e286f36d0.npy,0.019839394837617874,0,0,1
PIA-Eval_npy/Normal_f995f17e-ccc1-4e01-916b-7e24c97932df.npy,0.965212881565094,1,0,0
PIA-Eval_npy/Normal_fa0058e2-df8a-4ef7-aa96-46a19f20fccc.npy,0.045348308980464935,0,0,1
PIA-Eval_npy/Normal_fa03d359-a5aa-427f-a3c1-b1c964d7e540.npy,0.7091391086578369,1,0,0
PIA-Eval_npy/Normal_fa11a5ab-c4dd-42db-852d-4e34cb0b8d1c.npy,0.8914254903793335,1,0,0
PIA-Eval_npy/Normal_fa1b9462-2be0-420e-b3c2-bec22a2049d9.npy,0.04712943732738495,0,0,1
PIA-Eval_npy/Normal_fa228c53-d2ac-476e-936a-81c6e05f1fea.npy,0.9838824272155762,1,0,0
PIA-Eval_npy/Normal_fa2696a3-584f-41bc-9478-a04f15b519ac.npy,0.8562037944793701,1,0,0
PIA-Eval_npy/Normal_fa2d1d8c-a28a-4888-878d-acdfc989f33b.npy,0.0186847522854805,0,0,1
PIA-Eval_npy/Normal_fa2eca1b-51be-4a9c-8b55-729be39c7854.npy,0.03099110536277294,0,0,1
PIA-Eval_npy/Normal_fa42fbd0-4c26-4d01-8c59-9ca20eb18fa0.npy,0.9645057916641235,1,0,0
PIA-Eval_npy/Normal_fa493146-7b52-4107-9d2e-bd362a8fb092.npy,0.9805912375450134,1,0,0
PIA-Eval_npy/Normal_fa4be304-0773-43e3-8b92-d73164e5c225.npy,0.03354480117559433,0,0,1
PIA-Eval_npy/Normal_fa6195cf-0df1-4047-9d81-01cfaf1afc18.npy,0.04394639655947685,0,0,1
PIA-Eval_npy/Normal_fa630479-a6d9-420e-8fa2-b5cdc1a72a20.npy,0.23010273277759552,0,0,1
PIA-Eval_npy/Normal_fa6415c6-0f57-4d23-97d6-c9c9aa397e91.npy,0.7540346384048462,1,0,0
PIA-Eval_npy/Normal_fa779cc2-7a73-4ccb-a981-47d80c7e4703.npy,0.9807613492012024,1,0,0
PIA-Eval_npy/Normal_fa7cea02-1aca-48cb-b1a9-49740b2d95e0.npy,0.023052573204040527,0,0,1
PIA-Eval_npy/Normal_fa81df11-af56-4d25-9f77-8927da01a794.npy,0.5393627882003784,1,0,0
PIA-Eval_npy/Normal_fa9152c9-76ca-45de-8c84-2f78e1d9c826.npy,0.09274470061063766,0,0,1
PIA-Eval_npy/Normal_fa91907f-154f-41af-8580-3dfa08ccd668.npy,0.962577760219574,1,0,0
PIA-Eval_npy/Normal_fa96b6e3-7e1f-4be7-a8b5-746caea0b5df.npy,0.9841476678848267,1,0,0
PIA-Eval_npy/Normal_fa9bb1e4-b441-423a-8abc-5d1741a2440b.npy,0.050678037106990814,0,0,1
PIA-Eval_npy/Normal_fa9c63fc-2891-4d73-862f-434b776b10f4.npy,0.16570374369621277,0,0,1
PIA-Eval_npy/Normal_faa05d31-171d-48bf-b811-85a9fbe926df.npy,0.5751280188560486,1,0,0
PIA-Eval_npy/Normal_faa6dc25-0c2d-4431-a327-d270a5bf9f12.npy,0.2333126813173294,0,0,1
PIA-Eval_npy/Normal_faa924b5-376b-44a2-bace-5f4f5ebd00e5.npy,0.9822384119033813,1,0,0
PIA-Eval_npy/Normal_facd0661-4185-4912-95fd-49a1e98c3e5d.npy,0.024851826950907707,0,0,1
PIA-Eval_npy/Normal_fadb655e-229c-4940-b2d1-d5c8c60ffa4b.npy,0.44099193811416626,0,0,1
PIA-Eval_npy/Normal_faf69673-1ec8-4b6b-ae3c-c747482b2c47.npy,0.08378823846578598,0,0,1
PIA-Eval_npy/Normal_faf82c7d-9aff-46fa-a5da-d11889b4ab78.npy,0.05210084095597267,0,0,1
PIA-Eval_npy/Normal_fafbc3b8-5ef4-4887-9d41-820f8f4404e7.npy,0.09374821186065674,0,0,1
PIA-Eval_npy/Normal_fafd37c7-1753-4e8b-9f10-9457089cd399.npy,0.10980245471000671,0,0,1
PIA-Eval_npy/Normal_fb0f5ccf-9072-4247-80c1-675b6f4626a1.npy,0.4407333731651306,0,0,1
PIA-Eval_npy/Normal_fb196434-acb8-4969-9231-13638e954c8a.npy,0.9906749129295349,1,0,0
PIA-Eval_npy/Normal_fb2fb549-023f-4f5f-a081-efbf9ff3815b.npy,0.05813997611403465,0,0,1
PIA-Eval_npy/Normal_fb3a50c0-0311-4aab-a96f-ba3624b54d1e.npy,0.9773355722427368,1,0,0
PIA-Eval_npy/Normal_fb3fed83-5ed2-437c-8bdf-3a5944361c5b.npy,0.8625199794769287,1,0,0
PIA-Eval_npy/Normal_fb406122-98cf-4e4f-b683-7bdc6e578df3.npy,0.13244320452213287,0,0,1
PIA-Eval_npy/Normal_fb5ee4ed-a9b7-4689-b7e0-dd519e8883a5.npy,0.6879559755325317,1,0,0
PIA-Eval_npy/Normal_fb65c4c8-5529-4ee0-b0eb-3da5eceaf3e6.npy,0.16281373798847198,0,0,1
PIA-Eval_npy/Normal_fb66e2f2-5bda-45d6-b529-27e30a9b21c8.npy,0.6759091019630432,1,0,0
PIA-Eval_npy/Normal_fb6d3a6d-1ce9-4aea-bfb1-1d896c5c8649.npy,0.06444702297449112,0,0,1
PIA-Eval_npy/Normal_fb76cc3d-a638-4123-9b92-694f4a4a4fa3.npy,0.036251846700906754,0,0,1
PIA-Eval_npy/Normal_fb7dd5fa-86c0-44a0-8e1b-b4b7155e2257.npy,0.9893298745155334,1,0,0
PIA-Eval_npy/Normal_fb82a719-4f59-4206-b674-d0d18c06dc09.npy,0.07102347165346146,0,0,1
PIA-Eval_npy/Normal_fb83953f-79af-4e41-9841-321f7c990090.npy,0.08239281922578812,0,0,1
PIA-Eval_npy/Normal_fb84b4ca-d105-4869-80ef-a2c836bb1add.npy,0.8665785789489746,1,0,0
PIA-Eval_npy/Normal_fb92e705-b62f-40f1-9855-01a2eb639b34.npy,0.4532597064971924,0,0,1
PIA-Eval_npy/Normal_fb9a6cb9-e931-4877-a00e-fc668c2f2196.npy,0.022250503301620483,0,0,1
PIA-Eval_npy/Normal_fba3a11f-8998-46cd-9d6c-5ae27f922b33.npy,0.33098721504211426,0,0,1
PIA-Eval_npy/Normal_fba9053a-d18e-40c7-a62a-e31db504d521.npy,0.8636982440948486,1,0,0
PIA-Eval_npy/Normal_fbb13659-f3d9-4cca-b1d3-b7dd1b7653fc.npy,0.4533425569534302,0,0,1
PIA-Eval_npy/Normal_fbc6d325-3254-4ed2-914f-d8b1af3a3037.npy,0.029959848150610924,0,0,1
PIA-Eval_npy/Normal_fbc6e6f2-9748-4a0f-82ce-28ad58c60b20.npy,0.9045297503471375,1,0,0
PIA-Eval_npy/Normal_fbc80eb6-11f6-47a7-b021-a31eb5aca726.npy,0.09937671571969986,0,0,1
PIA-Eval_npy/Normal_fbced58c-eac2-46a9-9956-c8edef3f511f.npy,0.1650318056344986,0,0,1
PIA-Eval_npy/Normal_fbe251bd-314f-4b48-9ecb-963eff56c18b.npy,0.7835385203361511,1,0,0
PIA-Eval_npy/Normal_fbe81e49-ed8b-4173-821b-b550c0db479b.npy,0.07713006436824799,0,0,1
PIA-Eval_npy/Normal_fbede733-6803-485a-b06d-baf56e48f278.npy,0.14155401289463043,0,0,1
PIA-Eval_npy/Normal_fbef6fa4-7cec-4b21-9996-87bb3afa3073.npy,0.059260398149490356,0,0,1
PIA-Eval_npy/Normal_fbef90db-cd99-4842-896d-0e1400cd8e2e.npy,0.3374911844730377,0,0,1
PIA-Eval_npy/Normal_fbf69d3b-12c2-4dbe-ba23-e2c6db6617c4.npy,0.2479034960269928,0,0,1
PIA-Eval_npy/Normal_fbf95c98-0822-4dc2-99f1-3c72c949bfd5.npy,0.23458081483840942,0,0,1
PIA-Eval_npy/Normal_fbf9edd7-338c-4054-810f-27ff4396e12d.npy,0.779412567615509,1,0,0
PIA-Eval_npy/Normal_fbfa7f72-5857-4ef1-ab86-d79e606bfb4b.npy,0.04864519089460373,0,0,1
PIA-Eval_npy/Normal_fc096d76-0704-4ced-8ab2-37f7c77c4423.npy,0.8535259962081909,1,0,0
PIA-Eval_npy/Normal_fc0fd499-9b2a-414c-b1c1-b12c9ed901c8.npy,0.9890314936637878,1,0,0
PIA-Eval_npy/Normal_fc141fdf-3536-408e-ab40-82741305eca4.npy,0.040170829743146896,0,0,1
PIA-Eval_npy/Normal_fc2057e4-6701-49ca-8f61-42c0ce6d4f6c.npy,0.024950599297881126,0,0,1
PIA-Eval_npy/Normal_fc2690dc-2733-46af-b1be-1ccc2480cdff.npy,0.01975255459547043,0,0,1
PIA-Eval_npy/Normal_fc27932e-ceb3-42a0-b4a7-99efce41d370.npy,0.1958937644958496,0,0,1
PIA-Eval_npy/Normal_fc2e03cb-fce4-48dc-9e45-66df72134f4f.npy,0.9768338799476624,1,0,0
PIA-Eval_npy/Normal_fc32aea0-7f45-4ad9-8285-2a9985bfb0af.npy,0.9463719725608826,1,0,0
PIA-Eval_npy/Normal_fc3b8a38-ad64-414c-8a83-077cb6d1e9e1.npy,0.9554451704025269,1,0,0
PIA-Eval_npy/Normal_fc4c1f6a-e410-4f51-bee2-692640f44cce.npy,0.033056989312171936,0,0,1
PIA-Eval_npy/Normal_fc5a6447-e455-4d13-ae36-2b00b3362483.npy,0.026995571330189705,0,0,1
PIA-Eval_npy/Normal_fc5cd829-acc4-4dfb-b639-3f97d57c1c1e.npy,0.5799083113670349,1,0,0
PIA-Eval_npy/Normal_fc5d88f1-7a91-47e3-beb6-db5c95e0090a.npy,0.1426173597574234,0,0,1
PIA-Eval_npy/Normal_fc5e0a7f-7b97-494b-92dd-345c5c414f6f.npy,0.7446478009223938,1,0,0
PIA-Eval_npy/Normal_fc674cd4-2370-4fe0-b91b-37a4f99f4fb3.npy,0.0810384750366211,0,0,1
PIA-Eval_npy/Normal_fc6b204c-fa3f-4032-bfa1-e977860958c2.npy,0.8379227519035339,1,0,0
PIA-Eval_npy/Normal_fc71cda1-7b4e-466f-b05e-888604d64928.npy,0.8178862929344177,1,0,0
PIA-Eval_npy/Normal_fc7234fd-6f31-451c-8d6b-f36d40edfdc9.npy,0.9804707765579224,1,0,0
PIA-Eval_npy/Normal_fc858ba3-58ff-4e6d-bd3d-28c40e353093.npy,0.9902603030204773,1,0,0
PIA-Eval_npy/Normal_fc90ab29-8cc3-44d4-9f6a-e6e188079503.npy,0.9254512190818787,1,0,0
PIA-Eval_npy/Normal_fc9ec0d7-ae2c-4834-b3d5-44a4ec86e965.npy,0.019079096615314484,0,0,1
PIA-Eval_npy/Normal_fca20994-9376-41b7-a521-35bd385190b4.npy,0.15904802083969116,0,0,1
PIA-Eval_npy/Normal_fcabfee2-88cb-4c3c-ba55-4ceec9847c10.npy,0.9869362711906433,1,0,0
PIA-Eval_npy/Normal_fcb38faf-7552-49c6-af4a-a84cbd87acc6.npy,0.11420243978500366,0,0,1
PIA-Eval_npy/Normal_fcb4b8a9-0ab3-4750-9232-6d16c25de94f.npy,0.016135498881340027,0,0,1
PIA-Eval_npy/Normal_fcbf8ff1-6751-44a2-b345-ee255e7e98dd.npy,0.20664507150650024,0,0,1
PIA-Eval_npy/Normal_fcc0d016-3250-4421-bb52-37bbb9517a74.npy,0.8731675744056702,1,0,0
PIA-Eval_npy/Normal_fccb73ee-ed17-4f5d-a9b3-a904ee03b18d.npy,0.7175312042236328,1,0,0
PIA-Eval_npy/Normal_fccfca9d-8926-4573-93c7-d6d7627c73b8.npy,0.09571430832147598,0,0,1
PIA-Eval_npy/Normal_fcd28d9b-285c-42e1-864c-53d253eeefd4.npy,0.09130220115184784,0,0,1
PIA-Eval_npy/Normal_fcdb8a3e-cbff-492f-9f87-f55848a5f71c.npy,0.8879019618034363,1,0,0
PIA-Eval_npy/Normal_fce59931-0f02-47dd-abcb-4bf256d6e2c2.npy,0.1868509203195572,0,0,1
PIA-Eval_npy/Normal_fcea2d0d-9a28-4d68-8e3c-4fd7cb0bcd43.npy,0.6209679245948792,1,0,0
PIA-Eval_npy/Normal_fcf448dd-1c16-4c5e-a4ad-4dde5aefe51a.npy,0.349115252494812,0,0,1
PIA-Eval_npy/Normal_fcf4d7d8-f62b-4ff3-a827-a62bd02aff77.npy,0.9794149994850159,1,0,0
PIA-Eval_npy/Normal_fcf872f7-b261-4754-966c-e04b62efb8b0.npy,0.9920035004615784,1,0,0
PIA-Eval_npy/Normal_fd04fb96-c92d-4c5d-88f3-89d1436b3bf8.npy,0.09828140586614609,0,0,1
PIA-Eval_npy/Normal_fd0896e2-e82f-4d38-993a-6357a7110ab4.npy,0.908733606338501,1,0,0
PIA-Eval_npy/Normal_fd0e595e-510d-4f0b-9e49-a705f787191b.npy,0.01821252517402172,0,0,1
PIA-Eval_npy/Normal_fd19a6fd-6175-4086-b3cf-5159d501ff71.npy,0.022721366956830025,0,0,1
PIA-Eval_npy/Normal_fd21dc90-1557-4ee0-aecd-77b7ab1af5da.npy,0.0216313935816288,0,0,1
PIA-Eval_npy/Normal_fd22b387-6500-4771-803c-7473f12029e4.npy,0.7354080677032471,1,0,0
PIA-Eval_npy/Normal_fd28fc6a-105b-47c0-8313-3dc793214418.npy,0.9804036617279053,1,0,0
PIA-Eval_npy/Normal_fd3c81ce-6472-4fc2-b3b4-4f289db4557c.npy,0.6604838967323303,1,0,0
PIA-Eval_npy/Normal_fd3ec6e0-2085-49d3-a071-de6425aba718.npy,0.13362403213977814,0,0,1
PIA-Eval_npy/Normal_fd3fc8bd-c8c5-42ea-b1c0-e25bdea01b39.npy,0.9718195199966431,1,0,0
PIA-Eval_npy/Normal_fd494e6f-45d8-4b04-8f1e-6b7aaa7e1a11.npy,0.7956877946853638,1,0,0
PIA-Eval_npy/Normal_fd5ce606-527d-49e2-b47a-d013a2d84488.npy,0.5338950157165527,1,0,0
PIA-Eval_npy/Normal_fd5e1152-c9c0-40b8-b2ce-c3766992323e.npy,0.9890923500061035,1,0,0
PIA-Eval_npy/Normal_fd612bc2-405d-4121-8d7e-9339c753ee30.npy,0.4829084277153015,0,0,1
PIA-Eval_npy/Normal_fd6367af-81d7-481a-8cad-297422240764.npy,0.06544352322816849,0,0,1
PIA-Eval_npy/Normal_fd6870b3-a8c9-4877-bc7a-0afb574b05e1.npy,0.04490217566490173,0,0,1
PIA-Eval_npy/Normal_fd689ff6-9226-48f3-a7af-1b2ec70dda22.npy,0.9572157263755798,1,0,0
PIA-Eval_npy/Normal_fd6da677-2dd0-4be8-9389-acd6b6c66436.npy,0.968420684337616,1,0,0
PIA-Eval_npy/Normal_fd76463d-d569-44c0-b207-8f8e4d048ea3.npy,0.24795305728912354,0,0,1
PIA-Eval_npy/Normal_fd77447b-894e-45d1-a6b8-a5b3a7aab388.npy,0.16866451501846313,0,0,1
PIA-Eval_npy/Normal_fd775605-ba05-4539-8f88-f55a6ac1be91.npy,0.21511930227279663,0,0,1
PIA-Eval_npy/Normal_fd7972f8-0388-4fb5-baa4-35bc5f46ce89.npy,0.07243861258029938,0,0,1
PIA-Eval_npy/Normal_fd8cef8a-904c-49b2-9a44-3e3aa6450568.npy,0.08366800844669342,0,0,1
PIA-Eval_npy/Normal_fd8fe8d6-f084-4a93-89e5-7a9c4cf3bdbd.npy,0.8697509765625,1,0,0
PIA-Eval_npy/Normal_fd92a97e-e460-4f7f-8974-fca56f51b4fd.npy,0.10778240859508514,0,0,1
PIA-Eval_npy/Normal_fda0d487-d076-447b-802b-bd1ab78c85cd.npy,0.13532520830631256,0,0,1
PIA-Eval_npy/Normal_fdae63f5-5fc1-497c-8d6f-3e8a8bcd3bad.npy,0.037020981311798096,0,0,1
PIA-Eval_npy/Normal_fdb67399-f205-4bcc-882a-63742b2c0f9b.npy,0.2940690815448761,0,0,1
PIA-Eval_npy/Normal_fdca0e08-683b-4f44-a0d6-0fb45b5ddc38.npy,0.24474208056926727,0,0,1
PIA-Eval_npy/Normal_fdd1d6a4-f3de-4b99-9cc0-6805b47d7358.npy,0.319223552942276,0,0,1
PIA-Eval_npy/Normal_fdd99bb5-9e97-4af7-b8f2-8ae4372b2c83.npy,0.15737733244895935,0,0,1
PIA-Eval_npy/Normal_fe388363-ef8b-40bd-9846-7f9c3fb81855.npy,0.5668030977249146,1,0,0
PIA-Eval_npy/Normal_fe701933-5b25-41d4-a987-ef5f50d858ae.npy,0.17485952377319336,0,0,1
PIA-Eval_npy/Normal_feaa16df-74a9-4cd2-9f1d-33debd757b46.npy,0.16310520470142365,0,0,1
PIA-Eval_npy/Normal_feb35150-25d0-4240-b93c-97cfa8a4ea89.npy,0.6187270283699036,1,0,0
PIA-Eval_npy/Normal_febcb51e-cd10-4567-b3ba-052c7452f71c.npy,0.10831855237483978,0,0,1
PIA-Eval_npy/Normal_fec016dc-d453-4fc6-a207-5947ae842ada.npy,0.023359764367341995,0,0,1
PIA-Eval_npy/Normal_fec5e3e9-7d66-4d19-a76e-ddbcb70c9b14.npy,0.9778380990028381,1,0,0
PIA-Eval_npy/Normal_fecb966b-ed06-4067-8f56-d4610701669b.npy,0.11957356333732605,0,0,1
PIA-Eval_npy/Normal_fed250c1-5c36-4e58-9a0d-56099be4e700.npy,0.9832715392112732,1,0,0
PIA-Eval_npy/Normal_fed2ff45-4d16-4ab2-9f91-a13928648c6c.npy,0.25113338232040405,0,0,1
PIA-Eval_npy/Normal_fed5278b-de04-47b4-9462-f4ef300883a8.npy,0.0930006355047226,0,0,1
PIA-Eval_npy/Normal_fee0bdc7-f158-4b44-afdc-a1f3514c451b.npy,0.8952307105064392,1,0,0
PIA-Eval_npy/Normal_feee87c8-ac59-4fd3-8ceb-c5d88ab3312f.npy,0.9169521927833557,1,0,0
PIA-Eval_npy/Normal_fef20ce2-6e5f-4d4c-bb2f-bf22948b157b.npy,0.01507494319230318,0,0,1
PIA-Eval_npy/Normal_fef3a140-11ff-4148-accc-63154f329059.npy,0.10977838188409805,0,0,1
PIA-Eval_npy/Normal_fef6f590-5dd5-48f4-a4cf-8dbc1fb33e11.npy,0.8509488105773926,1,0,0
PIA-Eval_npy/Normal_fefcb7f7-ca5e-4f0e-9bea-6e981392f626.npy,0.9944846034049988,1,0,0
PIA-Eval_npy/Normal_fefd064b-4666-40dc-8a25-7f861d1957c3.npy,0.7940587997436523,1,0,0
PIA-Eval_npy/Normal_ff01a524-eebd-499f-9feb-482dc90271eb.npy,0.01852855458855629,0,0,1
PIA-Eval_npy/Normal_ff0351c3-52a5-4638-bd54-92f56a6b9a98.npy,0.0664147436618805,0,0,1
PIA-Eval_npy/Normal_ff07660a-3729-4a4f-b63d-1cb810318fbe.npy,0.17199304699897766,0,0,1
PIA-Eval_npy/Normal_ff118354-f2f2-46e2-b856-69498c380cdb.npy,0.3056063950061798,0,0,1
PIA-Eval_npy/Normal_ff1618cf-bd76-4954-a06f-e791dadf0c3c.npy,0.2164437472820282,0,0,1
PIA-Eval_npy/Normal_ff1891f3-c329-48ef-8a66-5a4df931f196.npy,0.15885373950004578,0,0,1
PIA-Eval_npy/Normal_ff21f0fc-b6c0-473c-8121-ae73e0ae3dbd.npy,0.8982579112052917,1,0,0
PIA-Eval_npy/Normal_ff23fd31-72a5-46a4-b14e-32d4e93d85d4.npy,0.7690467834472656,1,0,0
PIA-Eval_npy/Normal_ff26ab19-9df1-48a3-a1d1-1d1af6db1369.npy,0.9754453897476196,1,0,0
PIA-Eval_npy/Normal_ff2827b1-3322-47e6-880d-2931ca378d62.npy,0.4440874755382538,0,0,1
PIA-Eval_npy/Normal_ff2dd412-2405-4475-ae33-03d8986cb4f7.npy,0.09337916970252991,0,0,1
PIA-Eval_npy/Normal_ff37b43f-8ddb-4f80-bee1-7e70994e8e49.npy,0.03988233581185341,0,0,1
PIA-Eval_npy/Normal_ff44a337-d67b-48a2-a4c8-68ec4a50a8bd.npy,0.023035895079374313,0,0,1
PIA-Eval_npy/Normal_ff471d2c-3540-4cc4-a5ba-5807e2ad8649.npy,0.35388484597206116,0,0,1
PIA-Eval_npy/Normal_ff55e83d-72f5-486d-9532-fa4426e212a2.npy,0.34268805384635925,0,0,1
PIA-Eval_npy/Normal_ff59195d-085b-4be5-8bc7-2c3367a9a8fd.npy,0.1315777748823166,0,0,1
PIA-Eval_npy/Normal_ff66482f-2063-4f7e-b630-f85d952bb8b3.npy,0.8837540745735168,1,0,0
PIA-Eval_npy/Normal_ff756410-462a-4c17-b62a-7d57d54af046.npy,0.9604035019874573,1,0,0
PIA-Eval_npy/Normal_ff78f64f-b486-4d64-9b3b-62d754ec2dbc.npy,0.05527309328317642,0,0,1
PIA-Eval_npy/Normal_ff7bd7d6-4aaa-44a3-a686-2cbfd906b04d.npy,0.043953344225883484,0,0,1
PIA-Eval_npy/Normal_ff900d32-ebe8-4d62-a027-309329c97df1.npy,0.9532651901245117,1,0,0
PIA-Eval_npy/Normal_ff9da85c-dea5-4c91-a447-ff19db089986.npy,0.374753475189209,0,0,1
PIA-Eval_npy/Normal_ff9daa54-1127-4064-a9c3-390219fd72fd.npy,0.13533583283424377,0,0,1
PIA-Eval_npy/Normal_ff9f583a-8e3d-43b4-8a10-1b9b606ebb63.npy,0.9825464487075806,1,0,0
PIA-Eval_npy/Normal_ffa62b95-bf35-4ed8-bf2b-d5957516afb5.npy,0.045850012451410294,0,0,1
PIA-Eval_npy/Normal_ffa9c9ae-d729-441c-a732-8e4954922733.npy,0.040686577558517456,0,0,1
PIA-Eval_npy/Normal_ffb15d4c-5acd-4ef1-8dbd-c17b06871011.npy,0.9715777635574341,1,0,0
PIA-Eval_npy/Normal_ffb84a13-a1aa-4cd5-b88a-09d52ae5ca84.npy,0.05379629135131836,0,0,1
PIA-Eval_npy/Normal_ffbc008b-e5f1-4ec5-b2d5-2af9394d593c.npy,0.8442733287811279,1,0,0
PIA-Eval_npy/Normal_ffbe122e-abc1-42a0-ad38-6c3585ea428a.npy,0.06620469689369202,0,0,1
PIA-Eval_npy/Normal_ffcfec8e-e44b-41d7-adb0-4834b58cddab.npy,0.23851612210273743,0,0,1
PIA-Eval_npy/Normal_ffd60cbe-c11a-4a68-9ed6-fb17d96d497a.npy,0.1235492154955864,0,0,1
PIA-Eval_npy/Normal_ffd7b28e-9974-4316-85c2-938a2c86a988.npy,0.9672130942344666,1,0,0
PIA-Eval_npy/Normal_ffdb35ee-727d-4f26-b218-4ce27120d8af.npy,0.8355433344841003,1,0,0
PIA-Eval_npy/Normal_fff0be3d-1029-47c7-ab28-d7c18a38f036.npy,0.9140270948410034,1,0,0
PIA-Eval_npy/Normal_fff83229-91c8-47de-bfdc-2494a8ff2e0f.npy,0.08183860778808594,0,0,1
PIA-Eval_npy/Violence_00904c5c-29fb-47e5-b64d-c7c95a02e9a5.npy,0.9622937440872192,1,1,1
PIA-Eval_npy/Violence_01ac0d9a-b278-4181-80c1-c1663a288903.npy,0.01010831631720066,0,1,0
PIA-Eval_npy/Violence_01c46993-c3c6-4f7e-9b57-9ad65ebc7a65.npy,0.9874864816665649,1,1,1
PIA-Eval_npy/Violence_0466d5c3-33c6-4e6b-9bc9-c1eb2d49df11.npy,0.04014967381954193,0,1,0
PIA-Eval_npy/Violence_05108fdf-f3b4-486b-92f4-5db9acd17cb9.npy,0.13257485628128052,0,1,0
PIA-Eval_npy/Violence_07a31d92-4293-45b8-b333-e623a06a4387.npy,0.85519939661026,1,1,1
PIA-Eval_npy/Violence_07f95541-c6fe-45e3-a05e-bd3a3b43f53f.npy,0.030625537037849426,0,1,0
PIA-Eval_npy/Violence_09ed9f0c-39b2-42f2-b2d5-702b68063f56.npy,0.7906711101531982,1,1,1
PIA-Eval_npy/Violence_0c2cf866-c106-4b55-80f6-605c65acd3b7.npy,0.27122050523757935,0,1,0
PIA-Eval_npy/Violence_0f1b5bea-da26-4d70-bcb2-3dc8aff5cdba.npy,0.014420969411730766,0,1,0
PIA-Eval_npy/Violence_0f555199-3e45-49f5-9929-96a0708183fb.npy,0.5305605530738831,1,1,1
PIA-Eval_npy/Violence_0f9d33af-e066-4e19-a8d4-016d057737dd.npy,0.015503663569688797,0,1,0
PIA-Eval_npy/Violence_10303080-0082-4229-8a8d-4d2be8d96a06.npy,0.9394965767860413,1,1,1
PIA-Eval_npy/Violence_10940d06-a6da-4ec5-933c-8e49981d1aba.npy,0.9870589375495911,1,1,1
PIA-Eval_npy/Violence_1261b406-7956-438a-b861-83c76910ca44.npy,0.8398637771606445,1,1,1
PIA-Eval_npy/Violence_12d4788c-e92a-49d6-bdcf-b3a15869e13e.npy,0.015016871504485607,0,1,0
PIA-Eval_npy/Violence_137eed49-fb60-4f75-bade-84e52a62a835.npy,0.0832057073712349,0,1,0
PIA-Eval_npy/Violence_13ca6efe-4f3f-4eaa-867a-90d40b68914f.npy,0.39875325560569763,0,1,0
PIA-Eval_npy/Violence_1573a6bb-3116-4942-8a38-710f1bc5e8d3.npy,0.016285816207528114,0,1,0
PIA-Eval_npy/Violence_168ee94d-fca9-42de-adf4-63b428ffb28d.npy,0.11608772724866867,0,1,0
PIA-Eval_npy/Violence_17c9c46f-efe9-4b9e-b4e0-683ffe1ac151.npy,0.9816617369651794,1,1,1
PIA-Eval_npy/Violence_17e20b2b-1c06-4606-9a61-6379181f4091.npy,0.9945235252380371,1,1,1
PIA-Eval_npy/Violence_1844458c-f2ef-4d49-8156-7d14f50a30cc.npy,0.44541671872138977,0,1,0
PIA-Eval_npy/Violence_18776da2-9182-4cbc-ba27-e5437d8637e8.npy,0.9877827763557434,1,1,1
PIA-Eval_npy/Violence_18ce75c8-a772-40b9-ad91-53eae80b205d.npy,0.034857697784900665,0,1,0
PIA-Eval_npy/Violence_19f2b023-1b6a-467f-a615-c209d3bd0bd4.npy,0.1319621503353119,0,1,0
PIA-Eval_npy/Violence_1a207a6d-c903-470d-8bdb-0804234056ef.npy,0.45702630281448364,0,1,0
PIA-Eval_npy/Violence_1d6bb5ea-36b1-422e-8eb7-172262ccdb91.npy,0.5753337740898132,1,1,1
PIA-Eval_npy/Violence_1e5fc63f-1b61-4931-ab48-08aef0e841dc.npy,0.9884726405143738,1,1,1
PIA-Eval_npy/Violence_1f039ec0-017b-4ed7-b1a7-8728d2759159.npy,0.4641846716403961,0,1,0
PIA-Eval_npy/Violence_1f24a559-19d1-4a27-8393-7b406c234be4.npy,0.991413950920105,1,1,1
PIA-Eval_npy/Violence_1fbe7465-3c92-4e7e-99cf-ab0c99611869.npy,0.9871872663497925,1,1,1
PIA-Eval_npy/Violence_20a0742e-aeea-4e30-8ed4-df339628a096.npy,0.013305394910275936,0,1,0
PIA-Eval_npy/Violence_2115ca92-4a1b-4dc2-beac-90702dd05793.npy,0.30865395069122314,0,1,0
PIA-Eval_npy/Violence_22810b61-a6ca-4e2e-9447-d311f4380685.npy,0.06517832726240158,0,1,0
PIA-Eval_npy/Violence_22e06777-f6f0-4ee3-acff-4805dfaa2d28.npy,0.9775450229644775,1,1,1
PIA-Eval_npy/Violence_25e0ea04-01bf-44bb-bd9e-9c4c10210718.npy,0.04485268518328667,0,1,0
PIA-Eval_npy/Violence_27b5e8a4-6959-4752-b804-3df6c81bd4f9.npy,0.05476194992661476,0,1,0
PIA-Eval_npy/Violence_29e88fd5-7bfc-4d44-ab0e-0a0290858b62.npy,0.023270243778824806,0,1,0
PIA-Eval_npy/Violence_2a60b953-4979-4c92-b33f-3abe64ecd2b8.npy,0.6123465895652771,1,1,1
PIA-Eval_npy/Violence_2b6e2c87-598d-4be2-9b33-eacbdcbed1ee.npy,0.9807112812995911,1,1,1
PIA-Eval_npy/Violence_2c634e02-6b36-46ad-ae8c-9ce72a029ba3.npy,0.9950514435768127,1,1,1
PIA-Eval_npy/Violence_2e726432-4eb6-4c7e-9ac4-7e4daa53e1eb.npy,0.5828728675842285,1,1,1
PIA-Eval_npy/Violence_2f60f159-dad9-4e80-85d6-21232271b1ac.npy,0.3226924240589142,0,1,0
PIA-Eval_npy/Violence_2fa8f429-7098-4c81-bc23-ef0015e266fe.npy,0.051484446972608566,0,1,0
PIA-Eval_npy/Violence_315523f3-9933-4902-ae87-d51e8cc61fa9.npy,0.9789808392524719,1,1,1
PIA-Eval_npy/Violence_330347eb-7fbb-470c-bc4e-03841a2b59cd.npy,0.9360371828079224,1,1,1
PIA-Eval_npy/Violence_3354fe55-2dc4-42be-a788-f64c6330d8f3.npy,0.03320934250950813,0,1,0
PIA-Eval_npy/Violence_35b6c888-e5a7-4b8e-935b-25bf6eadbc44.npy,0.053036849945783615,0,1,0
PIA-Eval_npy/Violence_38392e7b-f8a4-4f71-919d-11ffcb0fc508.npy,0.9950903654098511,1,1,1
PIA-Eval_npy/Violence_39e0409d-0eec-44bd-b51c-bc424c383474.npy,0.9744083285331726,1,1,1
PIA-Eval_npy/Violence_3a33eab6-9abf-424c-be06-454639a73991.npy,0.4285041391849518,0,1,0
PIA-Eval_npy/Violence_3d9ce35a-fe1e-40c6-8f3a-3cda62b7adbc.npy,0.9588728547096252,1,1,1
PIA-Eval_npy/Violence_3ed5023c-b06a-463e-8e7f-00c9710b0ccf.npy,0.009433459490537643,0,1,0
PIA-Eval_npy/Violence_3f1c8d57-f4cd-4b87-84a3-aea2aaf48836.npy,0.03241271153092384,0,1,0
PIA-Eval_npy/Violence_3f5badc7-e195-40bb-8e0d-d9d50033bc3f.npy,0.04863867163658142,0,1,0
PIA-Eval_npy/Violence_3fd486ad-c6ac-4375-8acb-174d60de1311.npy,0.09846417605876923,0,1,0
PIA-Eval_npy/Violence_4014fa03-b2ae-4260-8943-8187e96d85eb.npy,0.9907168745994568,1,1,1
PIA-Eval_npy/Violence_40f9770e-5000-4810-8084-efd8accf5baa.npy,0.041547901928424835,0,1,0
PIA-Eval_npy/Violence_41a5b1fb-f5cc-4e61-9296-f1ec214fab18.npy,0.0876765176653862,0,1,0
PIA-Eval_npy/Violence_42db8683-082b-4f73-80fe-febcaffdf61a.npy,0.9854704141616821,1,1,1
PIA-Eval_npy/Violence_43290529-ed00-40f5-b093-a72baa2ee128.npy,0.23865997791290283,0,1,0
PIA-Eval_npy/Violence_453aeabe-d427-4485-9f6f-b668a7cbde35.npy,0.010144474916160107,0,1,0
PIA-Eval_npy/Violence_45e12db4-fddc-45ce-a112-df9ee6734ca2.npy,0.016415169462561607,0,1,0
PIA-Eval_npy/Violence_4609a448-ca1b-4c9f-a142-4369f9266e7b.npy,0.03194141015410423,0,1,0
PIA-Eval_npy/Violence_46252d7e-f27e-43bd-82c6-fdee580a7ea2.npy,0.9848669171333313,1,1,1
PIA-Eval_npy/Violence_47a3e587-bcb0-4201-a0ea-08ff75adbc1a.npy,0.985744059085846,1,1,1
PIA-Eval_npy/Violence_47f7abe1-62ff-4faa-b05b-6d8d3f494abe.npy,0.9791250824928284,1,1,1
PIA-Eval_npy/Violence_4b7b0279-847d-4825-bff8-990c7d93e38e.npy,0.04048878327012062,0,1,0
PIA-Eval_npy/Violence_4bd5dab6-b991-40e6-b1e9-4421d7a2ba63.npy,0.17349320650100708,0,1,0
PIA-Eval_npy/Violence_4c8e6e69-a42e-464a-a9bb-93eeb8994048.npy,0.30904701352119446,0,1,0
PIA-Eval_npy/Violence_4cb2e900-83b2-40d3-b4b6-f9f247cccc08.npy,0.07211574912071228,0,1,0
PIA-Eval_npy/Violence_4ee7cd75-3600-4e4e-b722-820bcd574952.npy,0.846447765827179,1,1,1
PIA-Eval_npy/Violence_51799f35-d9ba-4c3d-8134-8bc36957b7eb.npy,0.9691373705863953,1,1,1
PIA-Eval_npy/Violence_518341ec-68f1-464f-b051-968e871de7b7.npy,0.029746782034635544,0,1,0
PIA-Eval_npy/Violence_526257ba-5a8d-41ac-958c-5897798bf4ed.npy,0.312150776386261,0,1,0
PIA-Eval_npy/Violence_5265d62a-0691-4418-a477-7eb3f683d658.npy,0.2583763897418976,0,1,0
PIA-Eval_npy/Violence_530cd6da-f38f-42ba-80f4-7fda2bd0598a.npy,0.47219541668891907,0,1,0
PIA-Eval_npy/Violence_537521f5-d96c-46a6-9436-31e71694585d.npy,0.012941147200763226,0,1,0
PIA-Eval_npy/Violence_53e0b1e3-d080-464b-936c-4f6547fb1ff2.npy,0.9556940197944641,1,1,1
PIA-Eval_npy/Violence_54b4fde8-6713-49c7-ad8a-ade6c110e324.npy,0.23598287999629974,0,1,0
PIA-Eval_npy/Violence_54d0de12-9e82-4572-8a52-a00fef5ca227.npy,0.7433233857154846,1,1,1
PIA-Eval_npy/Violence_55587c5d-7b41-47c7-a74a-2e2516ff7e05.npy,0.07085800915956497,0,1,0
PIA-Eval_npy/Violence_559ebadb-699a-431b-a3a2-e41cf9bb46bd.npy,0.20865191519260406,0,1,0
PIA-Eval_npy/Violence_560b48b8-275c-4f50-8684-015d707938a4.npy,0.9948630928993225,1,1,1
PIA-Eval_npy/Violence_5791ee86-7a68-4d47-b3c3-ace022b59dbd.npy,0.22066624462604523,0,1,0
PIA-Eval_npy/Violence_57e90cb6-d007-4517-8291-4378f674cbe0.npy,0.8595689535140991,1,1,1
PIA-Eval_npy/Violence_57eff837-be7d-482a-97f5-038b3d15b035.npy,0.009706364013254642,0,1,0
PIA-Eval_npy/Violence_5826b44a-8b4e-4646-b16f-7041222540bc.npy,0.22300443053245544,0,1,0
PIA-Eval_npy/Violence_58b770f9-224e-41d9-b766-46ad7a5231f3.npy,0.22953510284423828,0,1,0
PIA-Eval_npy/Violence_58f80030-3bc3-495b-9263-6fcf0f51f0b6.npy,0.9944583177566528,1,1,1
PIA-Eval_npy/Violence_591aba4f-7d60-4810-85b8-ff92e5ded2e7.npy,0.1028541550040245,0,1,0
PIA-Eval_npy/Violence_5f51bfc9-26a4-496f-be8a-ffa5ec6d4293.npy,0.9881254434585571,1,1,1
PIA-Eval_npy/Violence_5f56fb36-89cc-455b-85b8-077fc3db4e6c.npy,0.992405354976654,1,1,1
PIA-Eval_npy/Violence_60c139d4-3684-43c9-875a-07ba307cdfe5.npy,0.9714738726615906,1,1,1
PIA-Eval_npy/Violence_613e3be8-f337-490b-b67f-a71abd0801d5.npy,0.9918867945671082,1,1,1
PIA-Eval_npy/Violence_619701fb-4e62-4254-a40d-84ea889103a7.npy,0.9113509058952332,1,1,1
PIA-Eval_npy/Violence_623470f9-b18a-48d2-8aec-2f00821d24c4.npy,0.06801750510931015,0,1,0
PIA-Eval_npy/Violence_624f4b1a-3271-4c3f-a1ee-918c76a7e752.npy,0.9437357783317566,1,1,1
PIA-Eval_npy/Violence_63d3be3b-3aa9-4b57-a1a7-92cdf34dea7a.npy,0.083467997610569,0,1,0
PIA-Eval_npy/Violence_65711228-187d-47f8-87e9-bba928085ad0.npy,0.9942240118980408,1,1,1
PIA-Eval_npy/Violence_65ee5c1c-6939-4558-822e-f54a9e560050.npy,0.993198573589325,1,1,1
PIA-Eval_npy/Violence_69f567d7-aecd-4655-b1c6-4ff7d48f20de.npy,0.3128141164779663,0,1,0
PIA-Eval_npy/Violence_6a2fe469-9bb3-440d-84c4-2b903d2067a8.npy,0.20666195452213287,0,1,0
PIA-Eval_npy/Violence_6ab4d428-655d-473c-b79e-685b868c4aff.npy,0.19621020555496216,0,1,0
PIA-Eval_npy/Violence_6b1f3292-559d-42ea-9e37-e59f1a3f8b20.npy,0.9325553774833679,1,1,1
PIA-Eval_npy/Violence_6bddfba6-5c8b-4d9e-ba66-ef0e2f12a263.npy,0.2562722861766815,0,1,0
PIA-Eval_npy/Violence_6c2fea84-eccd-41c9-a1da-c161aada382d.npy,0.9623026847839355,1,1,1
PIA-Eval_npy/Violence_6f041b4d-4edf-4254-a8ea-ba265044df0d.npy,0.033282071352005005,0,1,0
PIA-Eval_npy/Violence_6fd24fa9-d44f-4f79-8a85-35a6e9dcaefd.npy,0.9919471144676208,1,1,1
PIA-Eval_npy/Violence_700ad003-abe2-4a30-a166-f2c8f820ace7.npy,0.24866047501564026,0,1,0
PIA-Eval_npy/Violence_70aeab35-f243-4a2e-b963-731b05ecaa95.npy,0.015883740037679672,0,1,0
PIA-Eval_npy/Violence_70d6f5cf-4535-42f8-9f1e-06f25432185b.npy,0.9746206998825073,1,1,1
PIA-Eval_npy/Violence_7217bab4-1bd8-4bf8-bc2e-17e3899ee13d.npy,0.989912211894989,1,1,1
PIA-Eval_npy/Violence_73f29117-b5e1-49a9-a526-e67c3b9addb5.npy,0.9944586753845215,1,1,1
PIA-Eval_npy/Violence_74fccae8-9b4a-41fa-b672-fa926e5d0006.npy,0.9936755299568176,1,1,1
PIA-Eval_npy/Violence_75c00a07-e6b7-4afe-9620-0b5dc3817e1c.npy,0.7709508538246155,1,1,1
PIA-Eval_npy/Violence_7609d36b-21f5-4c8e-b269-a98058637113.npy,0.9772918224334717,1,1,1
PIA-Eval_npy/Violence_76f99ee0-c715-4dcd-91eb-d33e07a02d6f.npy,0.16543887555599213,0,1,0
PIA-Eval_npy/Violence_785dcd06-86e7-4c53-b01f-2e8a543d4f72.npy,0.02353700064122677,0,1,0
PIA-Eval_npy/Violence_7864893b-a49a-4591-8f37-a852292cad46.npy,0.1788996309041977,0,1,0
PIA-Eval_npy/Violence_79f051cb-ec9a-453d-a64f-82896c919b7e.npy,0.25545307993888855,0,1,0
PIA-Eval_npy/Violence_7bb22552-ddf0-4784-bbcb-ae52852bead0.npy,0.9906313419342041,1,1,1
PIA-Eval_npy/Violence_7bbc5872-e6e4-47c9-9566-eb0f09d803cb.npy,0.9946269392967224,1,1,1
PIA-Eval_npy/Violence_7c0d5d4c-aab3-4bf3-869c-1ebe7134be2a.npy,0.9952967762947083,1,1,1
PIA-Eval_npy/Violence_7c5c2fe3-b906-4f4b-80aa-fe0fee313d25.npy,0.9841118454933167,1,1,1
PIA-Eval_npy/Violence_7dd766c8-ba29-46ce-be9a-1aa6a5d80727.npy,0.009125038050115108,0,1,0
PIA-Eval_npy/Violence_7e616529-124f-4d8b-86d5-6d8d32b5c5a7.npy,0.37355953454971313,0,1,0
PIA-Eval_npy/Violence_7ef6cd7e-2096-452e-89f6-9f7f63727bcc.npy,0.962203323841095,1,1,1
PIA-Eval_npy/Violence_7f690b2b-ce71-4459-be03-83ce7ff17139.npy,0.3013979494571686,0,1,0
PIA-Eval_npy/Violence_80452d20-36e6-4794-a862-1cbd9f3bce3d.npy,0.9854597449302673,1,1,1
PIA-Eval_npy/Violence_8071d6de-de25-43d4-94a5-ce2c4e9cfa39.npy,0.13422349095344543,0,1,0
PIA-Eval_npy/Violence_80c0f677-3531-4eb9-95d8-8b9b71578083.npy,0.9477937817573547,1,1,1
PIA-Eval_npy/Violence_845e3c1c-6824-4a9c-9a69-c9fd56f90971.npy,0.08548261970281601,0,1,0
PIA-Eval_npy/Violence_85861ba3-7af4-4d8f-9923-ee8eb6a9e5ee.npy,0.9671804904937744,1,1,1
PIA-Eval_npy/Violence_85938762-a432-4491-8eb1-7c078b4aee45.npy,0.16774041950702667,0,1,0
PIA-Eval_npy/Violence_88f79389-d06d-4c73-bc7a-882632c3270b.npy,0.04554557055234909,0,1,0
PIA-Eval_npy/Violence_89129c82-a8cf-4408-87ee-84c130f34917.npy,0.060908734798431396,0,1,0
PIA-Eval_npy/Violence_89e0d43c-edd0-4b4a-badd-a16c43f923c7.npy,0.09429524838924408,0,1,0
PIA-Eval_npy/Violence_8a50a52f-8fc9-4d40-9d8c-e91f5c6a5dbc.npy,0.08021421730518341,0,1,0
PIA-Eval_npy/Violence_8b407c13-fc80-4cb5-a9f4-3729fea43371.npy,0.9942412376403809,1,1,1
PIA-Eval_npy/Violence_8cd7d799-9c63-4d5e-a91f-5609ef86e35f.npy,0.9912360906600952,1,1,1
PIA-Eval_npy/Violence_8dae0a23-d91c-4fec-bb9d-3d71cded5885.npy,0.9955095052719116,1,1,1
PIA-Eval_npy/Violence_8ed5f994-1b3e-4106-abb4-4e7bf4681f8e.npy,0.9953836798667908,1,1,1
PIA-Eval_npy/Violence_8f15e515-b137-474b-9eb1-db7a0314648f.npy,0.9946078062057495,1,1,1
PIA-Eval_npy/Violence_8f9501d8-4871-43ed-93b6-38adc025434b.npy,0.9652382731437683,1,1,1
PIA-Eval_npy/Violence_945b033c-3b13-4660-8c9f-4a08b9e31b94.npy,0.12644019722938538,0,1,0
PIA-Eval_npy/Violence_947cdad3-1f7a-40ea-b5c8-9c30a01282ec.npy,0.9943788647651672,1,1,1
PIA-Eval_npy/Violence_94aabb0d-8804-48c4-bf0b-34395d9cbe47.npy,0.30918025970458984,0,1,0
PIA-Eval_npy/Violence_94fe9f8d-fb7d-4f2a-9a32-5b1061a1c55d.npy,0.670048177242279,1,1,1
PIA-Eval_npy/Violence_96a49f15-06e0-4311-b5ff-32ab00924ce3.npy,0.3283023536205292,0,1,0
PIA-Eval_npy/Violence_96a53d27-210e-4606-90b2-ea15df8ea513.npy,0.017176780849695206,0,1,0
PIA-Eval_npy/Violence_975b4d42-76e6-4f4e-a994-279484fffeb9.npy,0.01499629020690918,0,1,0
PIA-Eval_npy/Violence_97ac3495-6d15-48a9-a4b8-2d084618f52e.npy,0.0335610955953598,0,1,0
PIA-Eval_npy/Violence_995a49ea-8936-445b-afea-004ae495a431.npy,0.9931423664093018,1,1,1
PIA-Eval_npy/Violence_9b5ef010-aa5c-4374-a866-9ed963a96fc4.npy,0.13959436118602753,0,1,0
PIA-Eval_npy/Violence_9bc54925-c2d3-4ac5-99ce-fdc0a44af333.npy,0.5280459523200989,1,1,1
PIA-Eval_npy/Violence_9c67c1a4-0f01-4fce-bb43-bf68f7a334f0.npy,0.9960017800331116,1,1,1
PIA-Eval_npy/Violence_9d9f213d-4c55-46c8-803c-ee37bab5d91f.npy,0.3015553057193756,0,1,0
PIA-Eval_npy/Violence_9e24ee30-1e0c-4dc8-8856-759d16990228.npy,0.22633624076843262,0,1,0
PIA-Eval_npy/Violence_9ea7a7e2-ba87-4d7a-8ad2-3fc36fb71679.npy,0.015378368087112904,0,1,0
PIA-Eval_npy/Violence_9f119541-f236-49c2-8349-d6a90aa551f8.npy,0.9868928790092468,1,1,1
PIA-Eval_npy/Violence_a06d6ced-5d44-4792-bbf0-86abe1897643.npy,0.11062639206647873,0,1,0
PIA-Eval_npy/Violence_a0eb0e3f-05f2-4a8f-8631-d392f1660c33.npy,0.2551800012588501,0,1,0
PIA-Eval_npy/Violence_a0f35880-a31e-47cd-98e3-8cf763f11126.npy,0.161969855427742,0,1,0
PIA-Eval_npy/Violence_a16f6a3a-a823-4e6b-bba5-d25f49d25fa6.npy,0.9711570739746094,1,1,1
PIA-Eval_npy/Violence_a39b9285-a1c8-428a-a7d1-54bfa4fbe8b4.npy,0.9947466254234314,1,1,1
PIA-Eval_npy/Violence_a3c7320d-e931-47b9-84b6-3e2b63a3d3b2.npy,0.024578344076871872,0,1,0
PIA-Eval_npy/Violence_a4cc7fbc-ed27-42c8-b19f-4446cd4e103b.npy,0.9921718835830688,1,1,1
PIA-Eval_npy/Violence_a5b00600-624e-49f2-8af3-f0b2ec9bbe89.npy,0.024236220866441727,0,1,0
PIA-Eval_npy/Violence_a6ae087a-356f-4bf6-a000-c4d3e1a5e763.npy,0.11525581777095795,0,1,0
PIA-Eval_npy/Violence_a8d0847c-d14f-4f52-8252-fbaa31f7ee63.npy,0.0501423105597496,0,1,0
PIA-Eval_npy/Violence_a938b9ee-1c0b-47cd-83c4-1fcc5aa67c63.npy,0.2698737680912018,0,1,0
PIA-Eval_npy/Violence_aaa52ce0-b503-440a-86e2-96d66e7ee694.npy,0.9802438020706177,1,1,1
PIA-Eval_npy/Violence_aab918d4-1e21-4098-8f2b-ac5926b7c37b.npy,0.009432465769350529,0,1,0
PIA-Eval_npy/Violence_ab6658ca-9e41-4d2a-b16c-6f62e21c968a.npy,0.028112253174185753,0,1,0
PIA-Eval_npy/Violence_abc91253-5c92-4090-8d21-646b95ea461b.npy,0.0495908297598362,0,1,0
PIA-Eval_npy/Violence_ac32c569-5bb0-4778-97d5-a01cf42c1c85.npy,0.13987576961517334,0,1,0
PIA-Eval_npy/Violence_acbf6ad9-a816-47e0-8ef7-ba25f27a8a47.npy,0.9883970618247986,1,1,1
PIA-Eval_npy/Violence_ad913435-69ea-4df1-85d2-251a39b91921.npy,0.3232925832271576,0,1,0
PIA-Eval_npy/Violence_ade5374d-4489-4e75-af58-39aae4bc6736.npy,0.019607072696089745,0,1,0
PIA-Eval_npy/Violence_b0ae4b24-d382-4659-a898-0062a532c3cf.npy,0.9949256181716919,1,1,1
PIA-Eval_npy/Violence_b1486abd-3320-4794-9c9f-a3498f04d830.npy,0.12576432526111603,0,1,0
PIA-Eval_npy/Violence_b1489ffb-eb4e-470a-a5fb-de1880a63c2b.npy,0.9805781841278076,1,1,1
PIA-Eval_npy/Violence_b14d4598-2c4e-4878-b14b-cb37180f116b.npy,0.9896424412727356,1,1,1
PIA-Eval_npy/Violence_b18e39ed-bb7e-4917-9d28-75fff1e780ac.npy,0.6026986241340637,1,1,1
PIA-Eval_npy/Violence_b19ec99b-788d-41fc-bcd6-72577baef6ff.npy,0.030853232368826866,0,1,0
PIA-Eval_npy/Violence_b29898e2-b62f-4abf-9520-2479c973236f.npy,0.11083588004112244,0,1,0
PIA-Eval_npy/Violence_b341e0ee-059f-4926-b0cd-e75d8aba96a0.npy,0.05331926420331001,0,1,0
PIA-Eval_npy/Violence_b3a543c6-6804-4fa3-b388-720c3dd94bd1.npy,0.9765193462371826,1,1,1
PIA-Eval_npy/Violence_b46a3f4c-9158-4e54-9ecc-5a4126bc3818.npy,0.9944728016853333,1,1,1
PIA-Eval_npy/Violence_b4c08d84-26e2-4e2e-a79a-da78e111a7f5.npy,0.2338428497314453,0,1,0
PIA-Eval_npy/Violence_b564f4c5-2f29-4d32-a2ba-4e1c156ae7f2.npy,0.057202208787202835,0,1,0
PIA-Eval_npy/Violence_b6606f46-fae2-4e2e-97d0-a49706570697.npy,0.8118613958358765,1,1,1
PIA-Eval_npy/Violence_b750dcd3-3b4b-4deb-80e9-897a3fed73a8.npy,0.9440969228744507,1,1,1
PIA-Eval_npy/Violence_b80d1673-07ac-456a-8782-700fc8079b47.npy,0.05351092293858528,0,1,0
PIA-Eval_npy/Violence_b8f3444e-4064-461f-ae3b-434644ff509e.npy,0.9925376772880554,1,1,1
PIA-Eval_npy/Violence_bb0a6b7f-629a-41a7-b686-11b5f9dae722.npy,0.9799143671989441,1,1,1
PIA-Eval_npy/Violence_bb993974-a17e-4cbb-9a33-d5b178ac31c8.npy,0.9213719367980957,1,1,1
PIA-Eval_npy/Violence_bd7afbd1-9d07-4d39-bb08-dccfde9ac237.npy,0.9502821564674377,1,1,1
PIA-Eval_npy/Violence_bdf8ee43-a3be-49df-a32c-419649ecaead.npy,0.019756251946091652,0,1,0
PIA-Eval_npy/Violence_be375d58-49db-4e04-8351-e6c40a4f7199.npy,0.05412992462515831,0,1,0
PIA-Eval_npy/Violence_be9c1cbd-46ff-41bf-a512-0c2966f761e4.npy,0.6815587282180786,1,1,1
PIA-Eval_npy/Violence_bef33336-7b04-4972-ad15-4b8c44d165c7.npy,0.19410721957683563,0,1,0
PIA-Eval_npy/Violence_bfd2f334-0ca4-45fc-808d-3f289636516b.npy,0.03803250938653946,0,1,0
PIA-Eval_npy/Violence_c098fac2-376b-47dd-853f-ec28e5d59e89.npy,0.9953774213790894,1,1,1
PIA-Eval_npy/Violence_c0a0281b-af94-44c6-a905-91a244acb114.npy,0.9783129692077637,1,1,1
PIA-Eval_npy/Violence_c26cf6c6-f83b-4368-be2c-fea2efbd4d6e.npy,0.04847085848450661,0,1,0
PIA-Eval_npy/Violence_c2a89964-def9-4166-a7c6-c2a692c38445.npy,0.9190030097961426,1,1,1
PIA-Eval_npy/Violence_c3459966-221d-43b8-9a3e-eedec8794a33.npy,0.9929251670837402,1,1,1
PIA-Eval_npy/Violence_c50cc6b2-1c1f-4927-9208-209ae8afb66d.npy,0.03616606444120407,0,1,0
PIA-Eval_npy/Violence_c54380f7-40cf-44cc-9a64-e973e64a06d0.npy,0.991905927658081,1,1,1
PIA-Eval_npy/Violence_c5b09b38-a9f3-4454-82f0-a3bf76721e2b.npy,0.5411441922187805,1,1,1
PIA-Eval_npy/Violence_c5fefffd-3aaf-4c20-9993-dad9517170d7.npy,0.9802477359771729,1,1,1
PIA-Eval_npy/Violence_c84cc6f4-8b32-4095-9387-bffa1ed9113f.npy,0.06854312121868134,0,1,0
PIA-Eval_npy/Violence_c9684c7d-8816-4b95-b4d6-075694d7facc.npy,0.9889255166053772,1,1,1
PIA-Eval_npy/Violence_cb25fad6-8bb1-44c6-8154-6040e068179b.npy,0.9938207268714905,1,1,1
PIA-Eval_npy/Violence_cc0a88f4-32ab-449c-ac66-66288205dc6d.npy,0.3583485186100006,0,1,0
PIA-Eval_npy/Violence_cc71662b-8e9b-4088-a977-157952def75a.npy,0.9885136485099792,1,1,1
PIA-Eval_npy/Violence_ccfcd987-0a13-4185-b3e3-9d559d21587a.npy,0.9951877593994141,1,1,1
PIA-Eval_npy/Violence_cd14ccf7-d712-41a6-b12c-5459d0abc7b5.npy,0.46300244331359863,0,1,0
PIA-Eval_npy/Violence_cf1e88c6-036c-4722-8d79-00786274f0c1.npy,0.40153610706329346,0,1,0
PIA-Eval_npy/Violence_cf21246b-af17-42be-9e2d-5fc59d14b2d7.npy,0.06921976059675217,0,1,0
PIA-Eval_npy/Violence_d3e91825-6828-442f-8adb-1f288ff3d718.npy,0.07060465216636658,0,1,0
PIA-Eval_npy/Violence_d4370517-4360-4cdd-ac29-9467d40508d5.npy,0.013570629991590977,0,1,0
PIA-Eval_npy/Violence_d63387fd-770a-4206-8fac-64d33179a44f.npy,0.982571542263031,1,1,1
PIA-Eval_npy/Violence_d6de0728-2ee4-45b1-aedd-4b2622efb78c.npy,0.9933304190635681,1,1,1
PIA-Eval_npy/Violence_d73165b8-9415-45c4-8edf-700ab41c5ac4.npy,0.12594930827617645,0,1,0
PIA-Eval_npy/Violence_d7f0a443-5c34-4f74-a137-65c0bc9e5ac3.npy,0.9719494581222534,1,1,1
PIA-Eval_npy/Violence_d7fdd94a-921b-4d01-bb8b-864278916a3a.npy,0.1627230942249298,0,1,0
PIA-Eval_npy/Violence_d8172ca0-592a-4147-971a-8755a3c7ba4a.npy,0.08707991242408752,0,1,0
PIA-Eval_npy/Violence_d84b883c-f07e-47ee-8459-06b4675c1248.npy,0.015205513685941696,0,1,0
PIA-Eval_npy/Violence_daea613f-088c-4878-942a-c19684b7f94f.npy,0.9838966131210327,1,1,1
PIA-Eval_npy/Violence_dc3a97d9-c53c-4910-9347-ab3da1bf09a2.npy,0.9946995973587036,1,1,1
PIA-Eval_npy/Violence_dd00977f-e51d-4680-8b69-6da130d17097.npy,0.027452809736132622,0,1,0
PIA-Eval_npy/Violence_dd7c2a17-d1a6-485b-907d-48130b81b1c1.npy,0.06235421821475029,0,1,0
PIA-Eval_npy/Violence_df4da76d-5d85-4622-9c8d-9d6f9dbe538a.npy,0.17192211747169495,0,1,0
PIA-Eval_npy/Violence_e232b5af-ee6b-4c24-b837-512c6acc9dcb.npy,0.9944198727607727,1,1,1
PIA-Eval_npy/Violence_e24397b7-5189-4776-96f8-4db903de4857.npy,0.06371438503265381,0,1,0
PIA-Eval_npy/Violence_e277a5fd-e088-47f6-822c-39a3de5e939a.npy,0.30115875601768494,0,1,0
PIA-Eval_npy/Violence_e2e2685a-e2d9-428f-83e6-458ed559553f.npy,0.984237015247345,1,1,1
PIA-Eval_npy/Violence_e37aa365-b218-4c99-9819-44c404f29dcc.npy,0.9948640465736389,1,1,1
PIA-Eval_npy/Violence_e528b589-98e8-4126-9e8a-13f456eb9969.npy,0.9937505125999451,1,1,1
PIA-Eval_npy/Violence_e5a27013-fccd-44a4-a481-5b50cbd3eb77.npy,0.03869248554110527,0,1,0
PIA-Eval_npy/Violence_e5f813e5-5ffa-48f5-ad97-220ebf0c47f7.npy,0.015619341284036636,0,1,0
PIA-Eval_npy/Violence_e745fa08-be91-4b40-9ccf-fe3616984e5c.npy,0.06283615529537201,0,1,0
PIA-Eval_npy/Violence_e74c88d6-cc1b-4258-8326-29263eefd169.npy,0.9810898900032043,1,1,1
PIA-Eval_npy/Violence_e74f1c83-c6a6-4bb4-a5e0-638394ac12c1.npy,0.23860779404640198,0,1,0
PIA-Eval_npy/Violence_e807a6ba-e1b7-42bc-ab75-b054eab0a9cc.npy,0.9935742020606995,1,1,1
PIA-Eval_npy/Violence_ea40af70-d8c4-44d1-8bb2-019971260f13.npy,0.01751786842942238,0,1,0
PIA-Eval_npy/Violence_ec8d4240-930e-480f-b637-b708f7cb6022.npy,0.9948850274085999,1,1,1
PIA-Eval_npy/Violence_ee15644c-16e8-49ad-9bf4-7c39484e507e.npy,0.9920077323913574,1,1,1
PIA-Eval_npy/Violence_f1697a8f-18a8-44d2-a2fe-56061377cf8a.npy,0.8260635733604431,1,1,1
PIA-Eval_npy/Violence_f1ecd89d-6df8-4212-8083-b39aa553f103.npy,0.9910978674888611,1,1,1
PIA-Eval_npy/Violence_f261732f-56a1-4203-9fd5-ef5775dc4fea.npy,0.994304358959198,1,1,1
PIA-Eval_npy/Violence_f405e382-28cb-4b4f-8002-e0c85d559be0.npy,0.057315532118082047,0,1,0
PIA-Eval_npy/Violence_f46226ef-e0c6-4153-ae7d-f753a4e0603a.npy,0.6377854943275452,1,1,1
PIA-Eval_npy/Violence_f60444c6-0d94-413e-b153-343eab74c710.npy,0.8529950976371765,1,1,1
PIA-Eval_npy/Violence_f73dad9e-0227-4d2f-acfd-ce454c240482.npy,0.10135691612958908,0,1,0
PIA-Eval_npy/Violence_f7a89869-cf9e-4cb6-8f6e-e0a3929f266a.npy,0.11150497198104858,0,1,0
PIA-Eval_npy/Violence_f8c6596e-9952-4067-8225-a01d08a39432.npy,0.08057992160320282,0,1,0
PIA-Eval_npy/Violence_f96c23d3-ea5b-43cf-85d3-41699ac17414.npy,0.01286548562347889,0,1,0
PIA-Eval_npy/Violence_f9ddbd59-1ef0-4cca-9a10-e9213502232f.npy,0.9918919801712036,1,1,1
PIA-Eval_npy/Violence_fb396f2f-513c-4a45-9652-d921f113b216.npy,0.35623374581336975,0,1,0
PIA-Eval_npy/Violence_fbf56c53-50b6-4947-b54e-8c201bd97ba8.npy,0.9857123494148254,1,1,1
PIA-Eval_npy/Violence_fd3c288c-fc36-4048-b8b6-ba146b5e6052.npy,0.05673979967832565,0,1,0
PIA-Eval_npy/Violence_fda010bd-fd15-4a8c-9811-f332e7177141.npy,0.033563803881406784,0,1,0
PIA-Eval_npy/Violence_fea36a8d-6253-466c-abff-893d1785ad3f.npy,0.9718567728996277,1,1,1
PIA-Eval_npy/Violence_fee950d0-860a-499a-a02a-e788f4c012d9.npy,0.9914441704750061,1,1,1
